{"cameraMode":{"drawMode":0,"name":"Shaded","section":"Shading Mode"},"sceneLighting":false,"audioPlay":false,"sceneViewState":{"showFog":true,"showMaterialUpdate":false,"showSkybox":false,"showFlares":true,"showImageEffects":true,"showParticleSystems":true},"in2DMode":false,"pivot":{"x":11.989999771118164,"y":-2.8399999141693117,"z":4.800000190734863},"rotation":{"x":0.17605914175510407,"y":-0.014172120951116085,"z":0.0025354085955768825,"w":0.9842743277549744},"size":5.7157673835754398,"orthographic":true}