{"cameraMode":{"drawMode":0,"name":"Shaded","section":"Shading Mode"},"sceneLighting":true,"audioPlay":false,"sceneViewState":{"showFog":true,"showMaterialUpdate":false,"showSkybox":true,"showFlares":true,"showImageEffects":true,"showParticleSystems":true},"in2DMode":false,"pivot":{"x":156.38351440429688,"y":199.8645782470703,"z":4.0765380859375},"rotation":{"x":0.002999459160491824,"y":-0.017397483810782434,"z":0.00005213550684857182,"w":0.9998442530632019},"size":419.5246276855469,"orthographic":false}