{"cameraMode":{"drawMode":0,"name":"Shaded","section":"Shading Mode"},"sceneLighting":false,"audioPlay":false,"sceneViewState":{"showFog":true,"showMaterialUpdate":false,"showSkybox":false,"showFlares":true,"showImageEffects":true,"showParticleSystems":true},"in2DMode":false,"pivot":{"x":39.99986267089844,"y":1.5,"z":10.490578651428223},"rotation":{"x":0.023991242051124574,"y":-0.023389188572764398,"z":0.0005618183640763164,"w":0.9994384050369263},"size":6.062487602233887,"orthographic":true}